{
  "main": {
    "id": "e4b3b5c6d7ba250f",
    "type": "split",
    "children": [
      {
        "id": "e964e9febf210174",
        "type": "tabs",
        "children": [
          {
            "id": "249c4d6de8587b63",
            "type": "leaf",
            "state": {
              "type": "release-notes",
              "state": {
                "currentVersion": "1.0.0"
              }
            }
          },
          {
            "id": "4705544363760fdc",
            "type": "leaf",
            "state": {
              "type": "markdown",
              "state": {
                "file": "Fall 2022/Econ/10-24-22 - Price Ceiling.md",
                "mode": "source",
                "backlinks": true,
                "source": false
              }
            }
          }
        ],
        "currentTab": 1
      }
    ],
    "direction": "vertical"
  },
  "left": {
    "id": "fbeed6e170234f61",
    "type": "split",
    "children": [
      {
        "id": "610df330bff4f77b",
        "type": "tabs",
        "children": [
          {
            "id": "a9f06f19b7e4a45e",
            "type": "leaf",
            "state": {
              "type": "file-explorer",
              "state": {
                "sortOrder": "alphabetical"
              }
            }
          },
          {
            "id": "233ee4e1478f5bec",
            "type": "leaf",
            "state": {
              "type": "search",
              "state": {
                "query": "",
                "matchingCase": false,
                "explainSearch": false,
                "collapseAll": false,
                "extraContext": false,
                "sortOrder": "alphabetical"
              }
            }
          },
          {
            "id": "8dc5b56aceed4896",
            "type": "leaf",
            "state": {
              "type": "markdown",
              "state": {
                "file": "Fall 2022/International Business/9-27-22.md",
                "mode": "source",
                "backlinks": true,
                "source": false
              }
            }
          },
          {
            "id": "f30f0821beadbc4d",
            "type": "leaf",
            "state": {
              "type": "starred",
              "state": {}
            }
          }
        ]
      }
    ],
    "direction": "horizontal",
    "width": 300
  },
  "right": {
    "id": "b2cda150c4ba26c7",
    "type": "split",
    "children": [
      {
        "id": "fdae95af56d44e11",
        "type": "tabs",
        "children": [
          {
            "id": "81825ec3886751df",
            "type": "leaf",
            "state": {
              "type": "backlink",
              "state": {
                "file": "Fall 2022/Econ/10-24-22 - Price Ceiling.md",
                "collapseAll": false,
                "extraContext": false,
                "sortOrder": "alphabetical",
                "showSearch": false,
                "searchQuery": "",
                "backlinkCollapsed": false,
                "unlinkedCollapsed": true
              }
            }
          },
          {
            "id": "e788801e5b38a24e",
            "type": "leaf",
            "state": {
              "type": "outgoing-link",
              "state": {
                "file": "Fall 2022/Econ/10-24-22 - Price Ceiling.md",
                "linksCollapsed": false,
                "unlinkedCollapsed": true
              }
            }
          },
          {
            "id": "dd3cc07d08295011",
            "type": "leaf",
            "state": {
              "type": "tag",
              "state": {
                "sortOrder": "frequency",
                "useHierarchy": true
              }
            }
          },
          {
            "id": "fc8807a856c8b0bc",
            "type": "leaf",
            "state": {
              "type": "outline",
              "state": {
                "file": "Fall 2022/Econ/10-24-22 - Price Ceiling.md"
              }
            }
          }
        ]
      }
    ],
    "direction": "horizontal",
    "width": 300
  },
  "ribbon": {
    "mostRecentAction": ""
  },
  "active": "a9f06f19b7e4a45e",
  "lastOpenFiles": [
    "Fall 2022/Econ/Exam 1 Content/10-14-22.md",
    "Fall 2022/Econ/10-24-22 - Price Ceiling.md",
    "Fall 2022/Econ/▲ = ALT 30.md",
    "Fall 2022/Econ/Exam 1 Content/10-12-22.md",
    "Fall 2022/Astronomy/10-12-22.md",
    "Fall 2022/Econ/Exam 1 Content/10-7-22.md",
    "Fall 2022/Econ/Exam 1 Content/10-10-22.md",
    "Fall 2022/Astronomy/10-10-22.md",
    "Fall 2022/Software Quality/10-10-22.md",
    "Fall 2022/Software Quality/10-7-22.md"
  ]
}